Workbook

Sheet README
B2: OWASP Browser Security Verification Standard (BSVS)
B3: Version 0.1: Draft requirements register generated from the community outline
B4: Jerry Hoff
B5: Purpose | C5: A verifiable set of technical, governance, and policy controls for reducing browser-layer risk in enterprise organizations. Peer to OWASP ASVS (applications) and MASVS (mobile).
B6: How to use | C6: Each row on the Requirements sheet is one independently assessable control phrased as 'Verify that…'. Filter by Chapter, Control Type, or Level to work your slice. The Status and Notes columns are provided for organizations using this file as a self-assessment register.
B7: Requirement ID | C7: BSVS-<chapter>.<section>.<item>, e.g. BSVS-3.1.2.
B8: Control types | C8: Technical (enforced by configuration or tooling) · Governance (process, ownership, review) · Policy (documented rules for people).
B9: Draft status | C9: This is a v0.1 outline for community review. Mapping columns (ATT&CK, CWE, CIS, NIST CSF) are intentionally blank for community completion. Contribute via the OWASP Browser Security Project on GitHub.
B11: Assessment Levels
B12: L1 — Baseline | C12: Minimum hygiene for any organization using browsers for business. Applies to all organizations.
B13: L2 — Managed | C13: Organizations with centrally managed fleets, sensitive data, or compliance obligations. Most enterprises. Includes L1.
B14: L3 — High Assurance | C14: Regulated, high-security, or high-value-target environments (finance, health, government, critical infrastructure). Includes L1 and L2.
B16: Chapters
B17: V1 | C17: Browser Governance, Ownership & Policy (12 requirements)
B18: V2 | C18: Deployment, Configuration & Update Management (18 requirements)
B19: V3 | C19: Extension & Plugin Management (12 requirements)
B20: V4 | C20: Identity, Session & Credential Protection (13 requirements)
B21: V5 | C21: Data Protection & Exfiltration Control (11 requirements)
B22: V6 | C22: Threat Protection & Safe Browsing (12 requirements)
B23: V7 | C23: AI & Agentic Browsing (11 requirements)
B24: V8 | C24: Monitoring, Telemetry & Incident Response (10 requirements)

Sheet Requirements
A1: Req ID | B1: Chapter | C1: Section | D1: Requirement | E1: Control Type | F1: Level | G1: L1 | H1: L2 | I1: L3 | J1: ATT&CK / ATLAS | K1: CWE | L1: CIS Benchmark | M1: NIST CSF | N1: Status | O1: Notes
A2: BSVS-1.1.1 | B2: V1: Browser Governance, Ownership & Policy | C2: 1.1 Ownership & Accountability | D2: Verify that a named owner (role or team) is assigned responsibility for browser security policy and configuration across the organization | E2: Governance | F2: L1 | G2: ✓ | H2: ✓ | I2: ✓
A3: BSVS-1.1.2 | B3: V1: Browser Governance, Ownership & Policy | C3: 1.1 Ownership & Accountability | D3: Verify that browser security responsibilities are documented across endpoint, identity, network, and application security functions with defined handoffs | E3: Governance | F3: L2 | H3: ✓ | I3: ✓
A4: BSVS-1.1.3 | B4: V1: Browser Governance, Ownership & Policy | C4: 1.1 Ownership & Accountability | D4: Verify that browser risk is represented in the organization's risk register and reviewed on a defined cadence | E4: Governance | F4: L2 | H4: ✓ | I4: ✓
A5: BSVS-1.2.1 | B5: V1: Browser Governance, Ownership & Policy | C5: 1.2 Policy Coverage | D5: Verify that an acceptable use policy covers browser usage, including sanctioned browsers, personal profile use, and extension installation | E5: Policy | F5: L1 | G5: ✓ | H5: ✓ | I5: ✓
A6: BSVS-1.2.2 | B6: V1: Browser Governance, Ownership & Policy | C6: 1.2 Policy Coverage | D6: Verify that policy defines which browsers and versions are approved for business use, and prohibits unmanaged browsers for access to sensitive systems | E6: Policy | F6: L2 | H6: ✓ | I6: ✓
A7: BSVS-1.2.3 | B7: V1: Browser Governance, Ownership & Policy | C7: 1.2 Policy Coverage | D7: Verify that policy addresses BYOD and unmanaged-device browser access to corporate resources, with technical enforcement defined | E7: Policy | F7: L2 | H7: ✓ | I7: ✓
A8: BSVS-1.2.4 | B8: V1: Browser Governance, Ownership & Policy | C8: 1.2 Policy Coverage | D8: Verify that GenAI usage via the browser (chatbots, sidebars, agents) is covered by policy, including data classification rules for what may be submitted | E8: Policy | F8: L2 | H8: ✓ | I8: ✓
A9: BSVS-1.3.1 | B9: V1: Browser Governance, Ownership & Policy | C9: 1.3 Standards, Exceptions & Review | D9: Verify that a documented exception process exists for deviations from browser policy, with expiry dates and compensating controls | E9: Governance | F9: L2 | H9: ✓ | I9: ✓
A10: BSVS-1.3.2 | B10: V1: Browser Governance, Ownership & Policy | C10: 1.3 Standards, Exceptions & Review | D10: Verify that browser security policies and configurations are reviewed at least annually and after significant browser platform changes | E10: Governance | F10: L2 | H10: ✓ | I10: ✓
A11: BSVS-1.3.3 | B11: V1: Browser Governance, Ownership & Policy | C11: 1.3 Standards, Exceptions & Review | D11: Verify that browser controls are included in internal audit or independent assessment scope | E11: Governance | F11: L3 | I11: ✓
A12: BSVS-1.4.1 | B12: V1: Browser Governance, Ownership & Policy | C12: 1.4 Vendor & Procurement Governance | D12: Verify that security requirements (including this standard) are considered when procuring enterprise browsers, browser security tooling, or browser-based SaaS | E12: Governance | F12: L2 | H12: ✓ | I12: ✓
A13: BSVS-1.4.2 | B13: V1: Browser Governance, Ownership & Policy | C13: 1.4 Vendor & Procurement Governance | D13: Verify that third-party browser components (enterprise browsers, extension vendors) are covered by the organization's third-party risk process | E13: Governance | F13: L3 | I13: ✓
A14: BSVS-2.1.1 | B14: V2: Deployment, Configuration & Update Management | C14: 2.1 Inventory & Fleet Visibility | D14: Verify that the organization maintains an inventory of browsers (product and version) in use across managed endpoints | E14: Technical | F14: L1 | G14: ✓ | H14: ✓ | I14: ✓
A15: BSVS-2.1.2 | B15: V2: Deployment, Configuration & Update Management | C15: 2.1 Inventory & Fleet Visibility | D15: Verify that unmanaged or unapproved browsers on managed endpoints can be detected and remediated | E15: Technical | F15: L2 | H15: ✓ | I15: ✓
A16: BSVS-2.1.3 | B16: V2: Deployment, Configuration & Update Management | C16: 2.1 Inventory & Fleet Visibility | D16: Verify that browser access to sensitive applications from outside the managed fleet is identified (e.g., via IdP or application logs) | E16: Technical | F16: L3 | I16: ✓
A17: BSVS-2.2.1 | B17: V2: Deployment, Configuration & Update Management | C17: 2.2 Centralized Configuration Management | D17: Verify that browser security settings are enforced centrally (e.g., via management policy) rather than relying on user-controlled defaults | E17: Technical | F17: L1 | G17: ✓ | H17: ✓ | I17: ✓
A18: BSVS-2.2.2 | B18: V2: Deployment, Configuration & Update Management | C18: 2.2 Centralized Configuration Management | D18: Verify that enforced configuration is derived from a documented hardening baseline (e.g., CIS Benchmarks) with deviations recorded | E18: Technical | F18: L2 | H18: ✓ | I18: ✓
A19: BSVS-2.2.3 | B19: V2: Deployment, Configuration & Update Management | C19: 2.2 Centralized Configuration Management | D19: Verify that users cannot disable or override security-relevant policies (e.g., Safe Browsing, extension controls, update settings) | E19: Technical | F19: L2 | H19: ✓ | I19: ✓
A20: BSVS-2.2.4 | B20: V2: Deployment, Configuration & Update Management | C20: 2.2 Centralized Configuration Management | D20: Verify that configuration drift from the approved baseline is detected and alerted | E20: Technical | F20: L3 | I20: ✓
A21: BSVS-2.3.1 | B21: V2: Deployment, Configuration & Update Management | C21: 2.3 Update & Vulnerability Management | D21: Verify that automatic browser updates are enabled and cannot be disabled by users | E21: Technical | F21: L1 | G21: ✓ | H21: ✓ | I21: ✓
A22: BSVS-2.3.2 | B22: V2: Deployment, Configuration & Update Management | C22: 2.3 Update & Vulnerability Management | D22: Verify that browser versions across the fleet reach the latest stable release within a defined SLA, with reporting on laggards | E22: Technical | F22: L2 | H22: ✓ | I22: ✓
A23: BSVS-2.3.3 | B23: V2: Deployment, Configuration & Update Management | C23: 2.3 Update & Vulnerability Management | D23: Verify that a process exists for emergency deployment of browser patches for actively exploited vulnerabilities (0-days) | E23: Technical | F23: L2 | H23: ✓ | I23: ✓
A24: BSVS-2.3.4 | B24: V2: Deployment, Configuration & Update Management | C24: 2.3 Update & Vulnerability Management | D24: Verify that browser and extension vulnerabilities are included in the organization's vulnerability management program | E24: Governance | F24: L2 | H24: ✓ | I24: ✓
A25: BSVS-2.3.5 | B25: V2: Deployment, Configuration & Update Management | C25: 2.3 Update & Vulnerability Management | D25: Verify that relaunch/restart is enforced within a defined window after update download so patches take effect | E25: Technical | F25: L3 | I25: ✓
A26: BSVS-2.4.1 | B26: V2: Deployment, Configuration & Update Management | C26: 2.4 Feature & API Surface Reduction | D26: Verify that unneeded high-risk browser capabilities (e.g., WebUSB, WebSerial, WebBluetooth, remote debugging) are disabled by policy where there is no business need | E26: Technical | F26: L2 | H26: ✓ | I26: ✓
A27: BSVS-2.4.2 | B27: V2: Deployment, Configuration & Update Management | C27: 2.4 Feature & API Surface Reduction | D27: Verify that developer tools and browser flags are restricted on endpoints or for users where there is no business need | E27: Technical | F27: L2 | H27: ✓ | I27: ✓
A28: BSVS-2.4.3 | B28: V2: Deployment, Configuration & Update Management | C28: 2.4 Feature & API Surface Reduction | D28: Verify that legacy or deprecated protocols and features (e.g., insecure TLS versions, deprecated plugin interfaces) are disabled fleet-wide | E28: Technical | F28: L3 | I28: ✓
A29: BSVS-2.5.1 | B29: V2: Deployment, Configuration & Update Management | C29: 2.5 Profiles & Environment Separation | D29: Verify that corporate browser profiles are separated from personal profiles, with corporate data confined to managed profiles | E29: Technical | F29: L2 | H29: ✓ | I29: ✓
A30: BSVS-2.5.2 | B30: V2: Deployment, Configuration & Update Management | C30: 2.5 Profiles & Environment Separation | D30: Verify that sync of corporate profile data (passwords, history, tabs) to personal accounts is blocked | E30: Technical | F30: L2 | H30: ✓ | I30: ✓
A31: BSVS-2.5.3 | B31: V2: Deployment, Configuration & Update Management | C31: 2.5 Profiles & Environment Separation | D31: Verify that high-risk browsing (unknown sites) can be isolated from sessions accessing sensitive applications (e.g., separate profiles, isolation technology) | E31: Technical | F31: L3 | I31: ✓
A32: BSVS-3.1.1 | B32: V3: Extension & Plugin Management | C32: 3.1 Installation Control | D32: Verify that users cannot install extensions from arbitrary or unofficial sources (sideloading, developer mode) on managed browsers | E32: Technical | F32: L1 | G32: ✓ | H32: ✓ | I32: ✓
A33: BSVS-3.1.2 | B33: V3: Extension & Plugin Management | C33: 3.1 Installation Control | D33: Verify that extension installation is restricted to an approved allowlist, or that a defined blocklist plus permission-based restrictions are enforced | E33: Technical | F33: L2 | H33: ✓ | I33: ✓
A34: BSVS-3.1.3 | B34: V3: Extension & Plugin Management | C34: 3.1 Installation Control | D34: Verify that extension installation requests follow a documented review-and-approval workflow | E34: Technical | F34: L3 | I34: ✓
A35: BSVS-3.2.1 | B35: V3: Extension & Plugin Management | C35: 3.2 Review & Risk Assessment | D35: Verify that a documented process exists for assessing extensions before approval, covering permissions requested, publisher reputation, and data handling | E35: Governance | F35: L2 | H35: ✓ | I35: ✓
A36: BSVS-3.2.2 | B36: V3: Extension & Plugin Management | C36: 3.2 Review & Risk Assessment | D36: Verify that extensions requesting high-risk permissions (e.g., access to all sites, reading browsing data, clipboard, native messaging) receive heightened review | E36: Technical | F36: L2 | H36: ✓ | I36: ✓
A37: BSVS-3.2.3 | B37: V3: Extension & Plugin Management | C37: 3.2 Review & Risk Assessment | D37: Verify that approved extensions are re-assessed on ownership change, permission escalation, or a defined periodic cadence | E37: Technical | F37: L3 | I37: ✓
A38: BSVS-3.3.1 | B38: V3: Extension & Plugin Management | C38: 3.3 Runtime & Lifecycle Control | D38: Verify that installed extensions across the fleet are inventoried, including version and permission set | E38: Technical | F38: L2 | H38: ✓ | I38: ✓
A39: BSVS-3.3.2 | B39: V3: Extension & Plugin Management | C39: 3.3 Runtime & Lifecycle Control | D39: Verify that an extension can be force-removed or disabled fleet-wide within a defined SLA when found malicious or compromised | E39: Technical | F39: L2 | H39: ✓ | I39: ✓
A40: BSVS-3.3.3 | B40: V3: Extension & Plugin Management | C40: 3.3 Runtime & Lifecycle Control | D40: Verify that extension permission changes on update are detected and trigger re-review | E40: Technical | F40: L2 | H40: ✓ | I40: ✓
A41: BSVS-3.3.4 | B41: V3: Extension & Plugin Management | C41: 3.3 Runtime & Lifecycle Control | D41: Verify that extensions are blocked or restricted from running on designated sensitive sites (e.g., admin consoles, banking, healthcare records) | E41: Technical | F41: L3 | I41: ✓
A42: BSVS-3.4.1 | B42: V3: Extension & Plugin Management | C42: 3.4 Enterprise-Developed Extensions | D42: Verify that internally developed extensions follow secure development practices and are distributed through managed channels only | E42: Technical | F42: L2 | H42: ✓ | I42: ✓
A43: BSVS-3.4.2 | B43: V3: Extension & Plugin Management | C43: 3.4 Enterprise-Developed Extensions | D43: Verify that internally developed extensions undergo security review equivalent to other internal software before deployment | E43: Governance | F43: L3 | I43: ✓
A44: BSVS-4.1.1 | B44: V4: Identity, Session & Credential Protection | C44: 4.1 Authentication & Federation | D44: Verify that access to sensitive corporate applications through the browser requires SSO with MFA | E44: Technical | F44: L1 | G44: ✓ | H44: ✓ | I44: ✓
A45: BSVS-4.1.2 | B45: V4: Identity, Session & Credential Protection | C45: 4.1 Authentication & Federation | D45: Verify that phishing-resistant authentication (e.g., FIDO2/WebAuthn, passkeys) is deployed for high-value accounts and applications | E45: Technical | F45: L2 | H45: ✓ | I45: ✓
A46: BSVS-4.1.3 | B46: V4: Identity, Session & Credential Protection | C46: 4.1 Authentication & Federation | D46: Verify that authentication policies evaluate device and browser posture (managed state, browser version) before granting access to sensitive applications | E46: Technical | F46: L3 | I46: ✓
A47: BSVS-4.2.1 | B47: V4: Identity, Session & Credential Protection | C47: 4.2 Session & Token Protection | D47: Verify that session anomalies (token reuse from new device/location/IP) for critical applications are detected and can trigger revocation | E47: Technical | F47: L2 | H47: ✓ | I47: ✓
A48: BSVS-4.2.2 | B48: V4: Identity, Session & Credential Protection | C48: 4.2 Session & Token Protection | D48: Verify that session lifetimes and re-authentication requirements for sensitive applications are risk-appropriate and enforced | E48: Technical | F48: L2 | H48: ✓ | I48: ✓
A49: BSVS-4.2.3 | B49: V4: Identity, Session & Credential Protection | C49: 4.2 Session & Token Protection | D49: Verify that session credentials are bound to the device where supported (e.g., device-bound session credentials, token binding mechanisms), so exfiltrated cookies cannot be replayed elsewhere | E49: Technical | F49: L3 | I49: ✓
A50: BSVS-4.2.4 | B50: V4: Identity, Session & Credential Protection | C50: 4.2 Session & Token Protection | D50: Verify that administrative and privileged web sessions are conducted from hardened or isolated browser environments | E50: Technical | F50: L3 | I50: ✓
A51: BSVS-4.3.1 | B51: V4: Identity, Session & Credential Protection | C51: 4.3 Credential Storage & Password Management | D51: Verify that an approved password manager is available to users, and policy defines whether the browser's built-in manager is sanctioned | E51: Technical | F51: L1 | G51: ✓ | H51: ✓ | I51: ✓
A52: BSVS-4.3.2 | B52: V4: Identity, Session & Credential Protection | C52: 4.3 Credential Storage & Password Management | D52: Verify that browser-stored credentials are protected by OS-level encryption tied to the user account, and that saving corporate credentials into unsanctioned stores is restricted | E52: Technical | F52: L2 | H52: ✓ | I52: ✓
A53: BSVS-4.3.3 | B53: V4: Identity, Session & Credential Protection | C53: 4.3 Credential Storage & Password Management | D53: Verify that credential autofill is restricted to exact-match, legitimate origins (mitigating phishing-site autofill) | E53: Technical | F53: L2 | H53: ✓ | I53: ✓
A54: BSVS-4.3.4 | B54: V4: Identity, Session & Credential Protection | C54: 4.3 Credential Storage & Password Management | D54: Verify that corporate credentials cannot be entered into known-phishing or non-sanctioned lookalike sites (e.g., password reuse and paste detection for the corporate identity) | E54: Technical | F54: L3 | I54: ✓
A55: BSVS-4.4.1 | B55: V4: Identity, Session & Credential Protection | C55: 4.4 OAuth & Third-Party Grants | D55: Verify that user consent to third-party OAuth applications for corporate identities is restricted or subject to admin approval | E55: Technical | F55: L2 | H55: ✓ | I55: ✓
A56: BSVS-4.4.2 | B56: V4: Identity, Session & Credential Protection | C56: 4.4 OAuth & Third-Party Grants | D56: Verify that granted OAuth applications and scopes are periodically reviewed and stale or high-risk grants revoked | E56: Governance | F56: L2 | H56: ✓ | I56: ✓
A57: BSVS-5.1.1 | B57: V5: Data Protection & Exfiltration Control | C57: 5.1 Upload, Download & Transfer Control | D57: Verify that downloads from sensitive corporate applications to unmanaged devices or unsanctioned locations can be controlled | E57: Technical | F57: L2 | H57: ✓ | I57: ✓
A58: BSVS-5.1.2 | B58: V5: Data Protection & Exfiltration Control | C58: 5.1 Upload, Download & Transfer Control | D58: Verify that uploads of corporate data to unsanctioned destinations (personal cloud storage, file sharing, webmail) can be detected or blocked, based on data classification | E58: Technical | F58: L2 | H58: ✓ | I58: ✓
A59: BSVS-5.1.3 | B59: V5: Data Protection & Exfiltration Control | C59: 5.1 Upload, Download & Transfer Control | D59: Verify that transfers between corporate and personal contexts of the same service (e.g., corporate vs personal tenant of the same SaaS) are distinguished and controlled (tenant restrictions) | E59: Technical | F59: L3 | I59: ✓
A60: BSVS-5.2.1 | B60: V5: Data Protection & Exfiltration Control | C60: 5.2 Clipboard, Print & Screen Controls | D60: Verify that copy/paste of sensitive data from designated corporate applications to unsanctioned destinations can be restricted | E60: Technical | F60: L3 | I60: ✓
A61: BSVS-5.2.2 | B61: V5: Data Protection & Exfiltration Control | C61: 5.2 Clipboard, Print & Screen Controls | D61: Verify that printing and screen capture of designated sensitive web applications can be restricted where required by data classification | E61: Technical | F61: L3 | I61: ✓
A62: BSVS-5.3.1 | B62: V5: Data Protection & Exfiltration Control | C62: 5.3 Shadow SaaS & Unsanctioned Applications | D62: Verify that SaaS applications accessed through the browser are discoverable (shadow IT visibility), and access to unsanctioned categories can be controlled | E62: Technical | F62: L2 | H62: ✓ | I62: ✓
A63: BSVS-5.3.2 | B63: V5: Data Protection & Exfiltration Control | C63: 5.3 Shadow SaaS & Unsanctioned Applications | D63: Verify that a process exists to sanction, tolerate, or block newly discovered SaaS applications based on risk | E63: Governance | F63: L2 | H63: ✓ | I63: ✓
A64: BSVS-5.4.1 | B64: V5: Data Protection & Exfiltration Control | C64: 5.4 GenAI Data Leakage | D64: Verify that submission of sensitive corporate data to unsanctioned GenAI services via the browser can be detected or blocked, consistent with policy (see 1.2.4) | E64: Technical | F64: L2 | H64: ✓ | I64: ✓
A65: BSVS-5.4.2 | B65: V5: Data Protection & Exfiltration Control | C65: 5.4 GenAI Data Leakage | D65: Verify that controls distinguish sanctioned enterprise GenAI tenants from consumer versions of the same tools | E65: Technical | F65: L3 | I65: ✓
A66: BSVS-5.5.1 | B66: V5: Data Protection & Exfiltration Control | C66: 5.5 Local Data Hygiene | D66: Verify that browser-cached corporate data on shared or kiosk endpoints is cleared between users/sessions | E66: Technical | F66: L2 | H66: ✓ | I66: ✓
A67: BSVS-5.5.2 | B67: V5: Data Protection & Exfiltration Control | C67: 5.5 Local Data Hygiene | D67: Verify that corporate data in browser storage (cache, IndexedDB, service workers) on unmanaged devices is minimized or prevented for sensitive applications | E67: Technical | F67: L3 | I67: ✓
A68: BSVS-6.1.1 | B68: V6: Threat Protection & Safe Browsing | C68: 6.1 Malicious Site & Phishing Protection | D68: Verify that reputation-based protection (e.g., Safe Browsing or equivalent) is enabled and enforced fleet-wide | E68: Technical | F68: L1 | G68: ✓ | H68: ✓ | I68: ✓
A69: BSVS-6.1.2 | B69: V6: Threat Protection & Safe Browsing | C69: 6.1 Malicious Site & Phishing Protection | D69: Verify that enhanced or real-time URL protection is enabled for the fleet, with privacy implications assessed and documented | E69: Technical | F69: L2 | H69: ✓ | I69: ✓
A70: BSVS-6.1.3 | B70: V6: Threat Protection & Safe Browsing | C70: 6.1 Malicious Site & Phishing Protection | D70: Verify that newly registered/observed domains and known AitM infrastructure indicators can be blocked at or before the browser | E70: Technical | F70: L2 | H70: ✓ | I70: ✓
A71: BSVS-6.1.4 | B71: V6: Threat Protection & Safe Browsing | C71: 6.1 Malicious Site & Phishing Protection | D71: Verify that in-browser page analysis or equivalent controls detect credential-harvesting pages impersonating corporate identity providers | E71: Technical | F71: L3 | I71: ✓
A72: BSVS-6.2.1 | B72: V6: Threat Protection & Safe Browsing | C72: 6.2 Download & Content Threats | D72: Verify that downloaded files are scanned by endpoint protection before execution | E72: Technical | F72: L1 | G72: ✓ | H72: ✓ | I72: ✓
A73: BSVS-6.2.2 | B73: V6: Threat Protection & Safe Browsing | C73: 6.2 Download & Content Threats | D73: Verify that high-risk file types and password-protected archives from uncategorized sources are blocked or sandboxed by policy | E73: Technical | F73: L2 | H73: ✓ | I73: ✓
A74: BSVS-6.2.3 | B74: V6: Threat Protection & Safe Browsing | C74: 6.2 Download & Content Threats | D74: Verify that social-engineering execution patterns delivered via the browser (e.g., copy-run-paste "ClickFix" instructions) are addressed by technical control and user awareness | E74: Technical | F74: L2 | H74: ✓ | I74: ✓
A75: BSVS-6.3.1 | B75: V6: Threat Protection & Safe Browsing | C75: 6.3 Network & Transport Protections | D75: Verify that HTTPS is required by default and users are warned or blocked on certificate errors, with error click-through disabled for managed fleets where feasible | E75: Technical | F75: L1 | G75: ✓ | H75: ✓ | I75: ✓
A76: BSVS-6.3.2 | B76: V6: Threat Protection & Safe Browsing | C76: 6.3 Network & Transport Protections | D76: Verify that DNS-over-HTTPS behavior is explicitly configured to align with enterprise DNS security controls rather than left to browser defaults | E76: Technical | F76: L2 | H76: ✓ | I76: ✓
A77: BSVS-6.3.3 | B77: V6: Threat Protection & Safe Browsing | C77: 6.3 Network & Transport Protections | D77: Verify that TLS inspection, where used, is scoped, documented, and excludes categories where inspection creates unacceptable privacy or legal risk | E77: Technical | F77: L3 | I77: ✓
A78: BSVS-6.4.1 | B78: V6: Threat Protection & Safe Browsing | C78: 6.4 User Awareness (Browser-Specific) | D78: Verify that security awareness training includes browser-specific threats: consent phishing, fake updates, malicious extensions, MFA-bypass phishing | E78: Governance | F78: L1 | G78: ✓ | H78: ✓ | I78: ✓
A79: BSVS-6.4.2 | B79: V6: Threat Protection & Safe Browsing | C79: 6.4 User Awareness (Browser-Specific) | D79: Verify that users have a low-friction way to report suspicious sites/pages encountered in the browser, and reports feed detection processes | E79: Governance | F79: L2 | H79: ✓ | I79: ✓
A80: BSVS-7.1.1 | B80: V7: AI & Agentic Browsing | C80: 7.1 Inventory & Sanctioning of AI Capabilities | D80: Verify that AI-enabled browsers, sidebars, copilots, and agentic extensions in use are inventoried and classified as sanctioned or unsanctioned | E80: Governance | F80: L2 | H80: ✓ | I80: ✓
A81: BSVS-7.1.2 | B81: V7: AI & Agentic Browsing | C81: 7.1 Inventory & Sanctioning of AI Capabilities | D81: Verify that policy defines which AI browsing capabilities are permitted, for which users, and with access to which data classes | E81: Policy | F81: L2 | H81: ✓ | I81: ✓
A82: BSVS-7.1.3 | B82: V7: AI & Agentic Browsing | C82: 7.1 Inventory & Sanctioning of AI Capabilities | D82: Verify that unsanctioned AI browsers and agentic extensions can be technically blocked on managed endpoints | E82: Technical | F82: L2 | H82: ✓ | I82: ✓
A83: BSVS-7.2.1 | B83: V7: AI & Agentic Browsing | C83: 7.2 Agent Authority & Session Access | D83: Verify that agentic capabilities cannot operate with access to authenticated corporate sessions unless explicitly sanctioned for that application | E83: Technical | F83: L2 | H83: ✓ | I83: ✓
A84: BSVS-7.2.2 | B84: V7: AI & Agentic Browsing | C84: 7.2 Agent Authority & Session Access | D84: Verify that sanctioned agents operate under least privilege: scoped to defined sites/tasks, with sensitive actions (payments, permission changes, data export, sending communications) requiring human confirmation | E84: Technical | F84: L3 | I84: ✓
A85: BSVS-7.2.3 | B85: V7: AI & Agentic Browsing | C85: 7.2 Agent Authority & Session Access | D85: Verify that agent sessions are distinguishable from human sessions in application and identity logs | E85: Technical | F85: L3 | I85: ✓
A86: BSVS-7.3.1 | B86: V7: AI & Agentic Browsing | C86: 7.3 Prompt Injection & Content Manipulation | D86: Verify that the organization has assessed prompt-injection risk (page content or documents steering agent behavior) for each sanctioned agentic capability | E86: Governance | F86: L2 | H86: ✓ | I86: ✓
A87: BSVS-7.3.2 | B87: V7: AI & Agentic Browsing | C87: 7.3 Prompt Injection & Content Manipulation | D87: Verify that mitigations exist for untrusted-content-driven agent actions (e.g., restricting agent browsing to trusted origins, isolating agent context from sensitive tabs, requiring confirmation for actions initiated after processing untrusted content) | E87: Technical | F87: L3 | I87: ✓
A88: BSVS-7.4.1 | B88: V7: AI & Agentic Browsing | C88: 7.4 AI Data Handling & Auditability | D88: Verify that data submitted to AI browser features is governed by the data protection controls in V5, including page-context capture by sidebars/copilots | E88: Technical | F88: L2 | H88: ✓ | I88: ✓
A89: BSVS-7.4.2 | B89: V7: AI & Agentic Browsing | C89: 7.4 AI Data Handling & Auditability | D89: Verify that sanctioned AI browsing features log actions taken and data accessed sufficiently to support incident investigation | E89: Technical | F89: L2 | H89: ✓ | I89: ✓
A90: BSVS-7.4.3 | B90: V7: AI & Agentic Browsing | C90: 7.4 AI Data Handling & Auditability | D90: Verify that AI browsing capabilities are included in incident response planning, including revoking agent access and investigating agent-performed actions | E90: Governance | F90: L3 | I90: ✓
A91: BSVS-8.1.1 | B91: V8: Monitoring, Telemetry & Incident Response | C91: 8.1 Telemetry Collection | D91: Verify that security-relevant browser events (extension installs, policy changes, malware/phishing blocks, dangerous downloads) are collected centrally | E91: Technical | F91: L2 | H91: ✓ | I91: ✓
A92: BSVS-8.1.2 | B92: V8: Monitoring, Telemetry & Incident Response | C92: 8.1 Telemetry Collection | D92: Verify that browser telemetry collection is documented, proportionate, and compliant with applicable employee privacy law and internal policy | E92: Technical | F92: L2 | H92: ✓ | I92: ✓
A93: BSVS-8.1.3 | B93: V8: Monitoring, Telemetry & Incident Response | C93: 8.1 Telemetry Collection | D93: Verify that telemetry covers data-movement events (uploads, downloads, paste to unsanctioned destinations) for sensitive data classes | E93: Technical | F93: L3 | I93: ✓
A94: BSVS-8.2.1 | B94: V8: Monitoring, Telemetry & Incident Response | C94: 8.2 Detection & Response Integration | D94: Verify that browser telemetry is integrated with the organization's detection stack (SIEM/XDR) with defined alerting use cases | E94: Technical | F94: L2 | H94: ✓ | I94: ✓
A95: BSVS-8.2.2 | B95: V8: Monitoring, Telemetry & Incident Response | C95: 8.2 Detection & Response Integration | D95: Verify that infostealer indicators (credential store access, mass cookie theft) on endpoints trigger revocation of browser sessions and credentials for affected users | E95: Technical | F95: L2 | H95: ✓ | I95: ✓
A96: BSVS-8.2.3 | B96: V8: Monitoring, Telemetry & Incident Response | C96: 8.2 Detection & Response Integration | D96: Verify that incident response playbooks cover browser-layer scenarios: malicious extension, session token theft, AitM-phished credentials, data exfiltration via browser | E96: Governance | F96: L2 | H96: ✓ | I96: ✓
A97: BSVS-8.3.1 | B97: V8: Monitoring, Telemetry & Incident Response | C97: 8.3 Forensics & Retention | D97: Verify that browser artifacts needed for investigation (history, extension state, download records) can be acquired from managed endpoints | E97: Technical | F97: L3 | I97: ✓
A98: BSVS-8.3.2 | B98: V8: Monitoring, Telemetry & Incident Response | C98: 8.3 Forensics & Retention | D98: Verify that retention periods for browser telemetry meet investigation and regulatory needs | E98: Governance | F98: L3 | I98: ✓
A99: BSVS-8.4.1 | B99: V8: Monitoring, Telemetry & Incident Response | C99: 8.4 Metrics & Continuous Improvement | D99: Verify that browser security posture metrics (patch latency, policy compliance, unapproved extension count, unmanaged browser usage) are reported to security leadership on a defined cadence | E99: Governance | F99: L2 | H99: ✓ | I99: ✓
A100: BSVS-8.4.2 | B100: V8: Monitoring, Telemetry & Incident Response | C100: 8.4 Metrics & Continuous Improvement | D100: Verify that findings from browser-related incidents feed back into policy, configuration baselines, and this standard's local implementation | E100: Governance | F100: L3 | I100: ✓

Sheet Summary
B2: Requirements by Chapter and Level
B4: Chapter | C4: L1 | D4: L2 | E4: L3 | F4: Total
B5: V1: Browser Governance, Ownership & Policy | C5: =COUNTIFS(Requirements!$B$2:$B$100,$B5,Requirements!$F$2:$F$100,"L1") -> 2 | D5: =COUNTIFS(Requirements!$B$2:$B$100,$B5,Requirements!$F$2:$F$100,"L2") -> 8 | E5: =COUNTIFS(Requirements!$B$2:$B$100,$B5,Requirements!$F$2:$F$100,"L3") -> 2 | F5: =SUM(C5:E5) -> 12
B6: V2: Deployment, Configuration & Update Management | C6: =COUNTIFS(Requirements!$B$2:$B$100,$B6,Requirements!$F$2:$F$100,"L1") -> 3 | D6: =COUNTIFS(Requirements!$B$2:$B$100,$B6,Requirements!$F$2:$F$100,"L2") -> 10 | E6: =COUNTIFS(Requirements!$B$2:$B$100,$B6,Requirements!$F$2:$F$100,"L3") -> 5 | F6: =SUM(C6:E6) -> 18
B7: V3: Extension & Plugin Management | C7: =COUNTIFS(Requirements!$B$2:$B$100,$B7,Requirements!$F$2:$F$100,"L1") -> 1 | D7: =COUNTIFS(Requirements!$B$2:$B$100,$B7,Requirements!$F$2:$F$100,"L2") -> 7 | E7: =COUNTIFS(Requirements!$B$2:$B$100,$B7,Requirements!$F$2:$F$100,"L3") -> 4 | F7: =SUM(C7:E7) -> 12
B8: V4: Identity, Session & Credential Protection | C8: =COUNTIFS(Requirements!$B$2:$B$100,$B8,Requirements!$F$2:$F$100,"L1") -> 2 | D8: =COUNTIFS(Requirements!$B$2:$B$100,$B8,Requirements!$F$2:$F$100,"L2") -> 7 | E8: =COUNTIFS(Requirements!$B$2:$B$100,$B8,Requirements!$F$2:$F$100,"L3") -> 4 | F8: =SUM(C8:E8) -> 13
B9: V5: Data Protection & Exfiltration Control | C9: =COUNTIFS(Requirements!$B$2:$B$100,$B9,Requirements!$F$2:$F$100,"L1") -> 0 | D9: =COUNTIFS(Requirements!$B$2:$B$100,$B9,Requirements!$F$2:$F$100,"L2") -> 6 | E9: =COUNTIFS(Requirements!$B$2:$B$100,$B9,Requirements!$F$2:$F$100,"L3") -> 5 | F9: =SUM(C9:E9) -> 11
B10: V6: Threat Protection & Safe Browsing | C10: =COUNTIFS(Requirements!$B$2:$B$100,$B10,Requirements!$F$2:$F$100,"L1") -> 4 | D10: =COUNTIFS(Requirements!$B$2:$B$100,$B10,Requirements!$F$2:$F$100,"L2") -> 6 | E10: =COUNTIFS(Requirements!$B$2:$B$100,$B10,Requirements!$F$2:$F$100,"L3") -> 2 | F10: =SUM(C10:E10) -> 12
B11: V7: AI & Agentic Browsing | C11: =COUNTIFS(Requirements!$B$2:$B$100,$B11,Requirements!$F$2:$F$100,"L1") -> 0 | D11: =COUNTIFS(Requirements!$B$2:$B$100,$B11,Requirements!$F$2:$F$100,"L2") -> 7 | E11: =COUNTIFS(Requirements!$B$2:$B$100,$B11,Requirements!$F$2:$F$100,"L3") -> 4 | F11: =SUM(C11:E11) -> 11
B12: V8: Monitoring, Telemetry & Incident Response | C12: =COUNTIFS(Requirements!$B$2:$B$100,$B12,Requirements!$F$2:$F$100,"L1") -> 0 | D12: =COUNTIFS(Requirements!$B$2:$B$100,$B12,Requirements!$F$2:$F$100,"L2") -> 6 | E12: =COUNTIFS(Requirements!$B$2:$B$100,$B12,Requirements!$F$2:$F$100,"L3") -> 4 | F12: =SUM(C12:E12) -> 10
B13: Total | C13: =SUM(C5:C12) -> 12 | D13: =SUM(D5:D12) -> 57 | E13: =SUM(E5:E12) -> 30 | F13: =SUM(F5:F12) -> 99
B15: Requirements by Control Type
B16: Control Type | C16: Count
B17: Technical | C17: =COUNTIF(Requirements!$E$2:$E$100,"*Technical*") -> 72
B18: Governance | C18: =COUNTIF(Requirements!$E$2:$E$100,"*Governance*") -> 22
B19: Policy | C19: =COUNTIF(Requirements!$E$2:$E$100,"*Policy*") -> 5
B21: Note: 'Level' shows the tier at which a requirement first applies; levels are cumulative (checkmarks in the L1–L3 columns on the Requirements sheet show all tiers where it applies).
